{
  "project_info": {
    "project_number": "336041335849",
    "firebase_url": "https://myallergy-e26f2.firebaseio.com",
    "project_id": "myallergy-e26f2",
    "storage_bucket": "myallergy-e26f2.appspot.com"
  },
  "client": [
    {
      "client_info": {
        "mobilesdk_app_id": "1:336041335849:android:0fcf84df3aeb3dec5a5038",
        "android_client_info": {
          "package_name": "com.example.myallergy"
        }
      },
      "oauth_client": [
        {
          "client_id": "336041335849-361p3cifq2nj37uuopl116kqr40ehv5q.apps.googleusercontent.com",
          "client_type": 1,
          "android_info": {
            "package_name": "com.example.myallergy",
            "certificate_hash": "201b96cfb8263d16341dc5cd3e695c59feff59e2"
          }
        },
        {
          "client_id": "336041335849-fk1drogpmmqgmvdqh7hghoh8fitj52fb.apps.googleusercontent.com",
          "client_type": 3
        }
      ],
      "api_key": [
        {
          "current_key": "AIzaSyDJ6NrNE6AUInKfbLiZzmcl85yktbNu57U"
        }
      ],
      "services": {
        "appinvite_service": {
          "other_platform_oauth_client": [
            {
              "client_id": "336041335849-fk1drogpmmqgmvdqh7hghoh8fitj52fb.apps.googleusercontent.com",
              "client_type": 3
            }
          ]
        }
      }
    }
  ],
  "configuration_version": "1"
}